--------------------------------------------------------
--  File created - Monday-October-15-2018   
--------------------------------------------------------
--------------------------------------------------------
--  DDL for Table ATTENDANCE
--------------------------------------------------------

  CREATE TABLE "VISHAL2"."ATTENDANCE" 
   (	"SL_NO" NUMBER, 
	"STUDENT_ID" VARCHAR2(20 BYTE), 
	"COURSE_ID" VARCHAR2(20 BYTE), 
	"ATT_DATE" TIMESTAMP (6) WITH TIME ZONE, 
	"STATUS" VARCHAR2(20 BYTE)
   ) SEGMENT CREATION IMMEDIATE 
  PCTFREE 10 PCTUSED 40 INITRANS 1 MAXTRANS 255 NOCOMPRESS LOGGING
  STORAGE(INITIAL 65536 NEXT 1048576 MINEXTENTS 1 MAXEXTENTS 2147483645
  PCTINCREASE 0 FREELISTS 1 FREELIST GROUPS 1 BUFFER_POOL DEFAULT FLASH_CACHE DEFAULT CELL_FLASH_CACHE DEFAULT)
  TABLESPACE "SYSTEM" ;
--------------------------------------------------------
--  DDL for Table COURSES
--------------------------------------------------------

  CREATE TABLE "VISHAL2"."COURSES" 
   (	"COURSE_ID" VARCHAR2(20 BYTE), 
	"COURSE_NAME" VARCHAR2(20 BYTE), 
	"CREDITS" NUMBER
   ) SEGMENT CREATION IMMEDIATE 
  PCTFREE 10 PCTUSED 40 INITRANS 1 MAXTRANS 255 NOCOMPRESS LOGGING
  STORAGE(INITIAL 65536 NEXT 1048576 MINEXTENTS 1 MAXEXTENTS 2147483645
  PCTINCREASE 0 FREELISTS 1 FREELIST GROUPS 1 BUFFER_POOL DEFAULT FLASH_CACHE DEFAULT CELL_FLASH_CACHE DEFAULT)
  TABLESPACE "SYSTEM" ;
--------------------------------------------------------
--  DDL for Table GATEPASS_TABLE
--------------------------------------------------------

  CREATE TABLE "VISHAL2"."GATEPASS_TABLE" 
   (	"GATEPASS_ID" NUMBER, 
	"STUDENT_ID" VARCHAR2(20 BYTE), 
	"REQUESTED_CHECKOUT" TIMESTAMP (6), 
	"REQUESTED_CHECKIN" TIMESTAMP (6), 
	"STUDENT_REASON" VARCHAR2(100 BYTE), 
	"PARENT_APPROVEDTIME" TIMESTAMP (6), 
	"WARDEN_APPROVEDTIME" TIMESTAMP (6), 
	"PARENT_REASON" VARCHAR2(100 BYTE), 
	"WARDEN_REASON" VARCHAR2(100 BYTE), 
	"STATUS" VARCHAR2(50 BYTE), 
	"REQUESTED_TIME" TIMESTAMP (6), 
	"SECURITY_ID" VARCHAR2(20 BYTE), 
	"WARDEN_ID" VARCHAR2(20 BYTE), 
	"STUDENT_IP" VARCHAR2(50 BYTE), 
	"PARENT_IP" VARCHAR2(50 BYTE), 
	"ACTUAL_CHECKOUTTIME" TIMESTAMP (6), 
	"ACTUAL_CHECKINTIME" TIMESTAMP (6), 
	"ATTRIBUTE1" VARCHAR2(20 BYTE), 
	"ATTRIBUTE2" VARCHAR2(20 BYTE), 
	"ATTRIBUTE3" VARCHAR2(20 BYTE), 
	"ATTRIBUTE4" NUMBER, 
	"COLUMN22" VARCHAR2(20 BYTE)
   ) SEGMENT CREATION IMMEDIATE 
  PCTFREE 10 PCTUSED 40 INITRANS 1 MAXTRANS 255 NOCOMPRESS LOGGING
  STORAGE(INITIAL 65536 NEXT 1048576 MINEXTENTS 1 MAXEXTENTS 2147483645
  PCTINCREASE 0 FREELISTS 1 FREELIST GROUPS 1 BUFFER_POOL DEFAULT FLASH_CACHE DEFAULT CELL_FLASH_CACHE DEFAULT)
  TABLESPACE "SYSTEM" ;
--------------------------------------------------------
--  DDL for Table MARKS
--------------------------------------------------------

  CREATE TABLE "VISHAL2"."MARKS" 
   (	"SL_NO" NUMBER, 
	"SECTION_ID" VARCHAR2(20 BYTE), 
	"STUDENT_ID" VARCHAR2(20 BYTE), 
	"MARKS1" NUMBER DEFAULT 0, 
	"MARKS2" NUMBER, 
	"MARKS3" NUMBER, 
	"MARKS4" NUMBER, 
	"MARKS5" NUMBER, 
	"MARKS6" NUMBER, 
	"MARKS7" NUMBER
   ) SEGMENT CREATION IMMEDIATE 
  PCTFREE 10 PCTUSED 40 INITRANS 1 MAXTRANS 255 NOCOMPRESS LOGGING
  STORAGE(INITIAL 65536 NEXT 1048576 MINEXTENTS 1 MAXEXTENTS 2147483645
  PCTINCREASE 0 FREELISTS 1 FREELIST GROUPS 1 BUFFER_POOL DEFAULT FLASH_CACHE DEFAULT CELL_FLASH_CACHE DEFAULT)
  TABLESPACE "SYSTEM" ;
--------------------------------------------------------
--  DDL for Table ROLES
--------------------------------------------------------

  CREATE TABLE "VISHAL2"."ROLES" 
   (	"ROLE_ID" VARCHAR2(20 BYTE), 
	"ROLE_NAME" VARCHAR2(20 BYTE)
   ) SEGMENT CREATION IMMEDIATE 
  PCTFREE 10 PCTUSED 40 INITRANS 1 MAXTRANS 255 NOCOMPRESS LOGGING
  STORAGE(INITIAL 65536 NEXT 1048576 MINEXTENTS 1 MAXEXTENTS 2147483645
  PCTINCREASE 0 FREELISTS 1 FREELIST GROUPS 1 BUFFER_POOL DEFAULT FLASH_CACHE DEFAULT CELL_FLASH_CACHE DEFAULT)
  TABLESPACE "SYSTEM" ;
--------------------------------------------------------
--  DDL for Table SECTIONS
--------------------------------------------------------

  CREATE TABLE "VISHAL2"."SECTIONS" 
   (	"BATCH" VARCHAR2(20 BYTE), 
	"SEMESTER" VARCHAR2(20 BYTE), 
	"DEPT" VARCHAR2(20 BYTE), 
	"COURSE1" VARCHAR2(20 BYTE), 
	"COURSE2" VARCHAR2(20 BYTE), 
	"COURSE3" VARCHAR2(20 BYTE), 
	"COURSE4" VARCHAR2(20 BYTE), 
	"COURSE5" VARCHAR2(20 BYTE), 
	"COURSE6" VARCHAR2(20 BYTE), 
	"COURSE7" VARCHAR2(20 BYTE), 
	"SEC_ID" VARCHAR2(20 BYTE)
   ) SEGMENT CREATION IMMEDIATE 
  PCTFREE 10 PCTUSED 40 INITRANS 1 MAXTRANS 255 NOCOMPRESS LOGGING
  STORAGE(INITIAL 65536 NEXT 1048576 MINEXTENTS 1 MAXEXTENTS 2147483645
  PCTINCREASE 0 FREELISTS 1 FREELIST GROUPS 1 BUFFER_POOL DEFAULT FLASH_CACHE DEFAULT CELL_FLASH_CACHE DEFAULT)
  TABLESPACE "SYSTEM" ;
--------------------------------------------------------
--  DDL for Table STUDENT
--------------------------------------------------------

  CREATE TABLE "VISHAL2"."STUDENT" 
   (	"STUDENT_ID" VARCHAR2(20 BYTE), 
	"NAME" VARCHAR2(50 BYTE), 
	"BATCH" VARCHAR2(10 BYTE), 
	"DEPT" VARCHAR2(10 BYTE), 
	"PARENT_ID" VARCHAR2(20 BYTE), 
	"HOSTEL_NAME" VARCHAR2(20 BYTE), 
	"BIRTH_DATE" DATE, 
	"PHONE_NO" VARCHAR2(10 BYTE), 
	"PARENT_PHONE" VARCHAR2(10 BYTE), 
	"ADDRESS" VARCHAR2(100 BYTE), 
	"NATIONALITY" VARCHAR2(20 BYTE), 
	"AADHAR" VARCHAR2(20 BYTE), 
	"PHOTO" BLOB, 
	"COLUMN1" VARCHAR2(20 BYTE), 
	"COLUMN2" VARCHAR2(20 BYTE), 
	"COLUMN3" VARCHAR2(20 BYTE), 
	"COLUMN4" VARCHAR2(20 BYTE)
   ) SEGMENT CREATION IMMEDIATE 
  PCTFREE 10 PCTUSED 40 INITRANS 1 MAXTRANS 255 NOCOMPRESS LOGGING
  STORAGE(INITIAL 65536 NEXT 1048576 MINEXTENTS 1 MAXEXTENTS 2147483645
  PCTINCREASE 0 FREELISTS 1 FREELIST GROUPS 1 BUFFER_POOL DEFAULT FLASH_CACHE DEFAULT CELL_FLASH_CACHE DEFAULT)
  TABLESPACE "SYSTEM" 
 LOB ("PHOTO") STORE AS BASICFILE (
  TABLESPACE "SYSTEM" ENABLE STORAGE IN ROW CHUNK 8192 RETENTION 
  NOCACHE LOGGING 
  STORAGE(INITIAL 65536 NEXT 1048576 MINEXTENTS 1 MAXEXTENTS 2147483645
  PCTINCREASE 0 FREELISTS 1 FREELIST GROUPS 1 BUFFER_POOL DEFAULT FLASH_CACHE DEFAULT CELL_FLASH_CACHE DEFAULT)) ;
--------------------------------------------------------
--  DDL for Table STUDENT_SECTIONS
--------------------------------------------------------

  CREATE TABLE "VISHAL2"."STUDENT_SECTIONS" 
   (	"STUDENT_ID" VARCHAR2(20 BYTE), 
	"SEC1" VARCHAR2(20 BYTE), 
	"SEC2" VARCHAR2(20 BYTE), 
	"SEC3" VARCHAR2(20 BYTE), 
	"SEC4" VARCHAR2(20 BYTE), 
	"SEC5" VARCHAR2(20 BYTE), 
	"SEC6" VARCHAR2(20 BYTE), 
	"SEC7" VARCHAR2(20 BYTE), 
	"SEC8" VARCHAR2(20 BYTE)
   ) SEGMENT CREATION IMMEDIATE 
  PCTFREE 10 PCTUSED 40 INITRANS 1 MAXTRANS 255 NOCOMPRESS LOGGING
  STORAGE(INITIAL 65536 NEXT 1048576 MINEXTENTS 1 MAXEXTENTS 2147483645
  PCTINCREASE 0 FREELISTS 1 FREELIST GROUPS 1 BUFFER_POOL DEFAULT FLASH_CACHE DEFAULT CELL_FLASH_CACHE DEFAULT)
  TABLESPACE "SYSTEM" ;
--------------------------------------------------------
--  DDL for Table TEACHER
--------------------------------------------------------

  CREATE TABLE "VISHAL2"."TEACHER" 
   (	"SL_NO" VARCHAR2(20 BYTE), 
	"TEACHER_ID" VARCHAR2(20 BYTE), 
	"SECTION_ID" VARCHAR2(20 BYTE)
   ) SEGMENT CREATION IMMEDIATE 
  PCTFREE 10 PCTUSED 40 INITRANS 1 MAXTRANS 255 NOCOMPRESS LOGGING
  STORAGE(INITIAL 65536 NEXT 1048576 MINEXTENTS 1 MAXEXTENTS 2147483645
  PCTINCREASE 0 FREELISTS 1 FREELIST GROUPS 1 BUFFER_POOL DEFAULT FLASH_CACHE DEFAULT CELL_FLASH_CACHE DEFAULT)
  TABLESPACE "SYSTEM" ;
--------------------------------------------------------
--  DDL for Table USERS
--------------------------------------------------------

  CREATE TABLE "VISHAL2"."USERS" 
   (	"SNO" NUMBER, 
	"USER_ID" VARCHAR2(20 BYTE), 
	"NAME" VARCHAR2(20 BYTE), 
	"EMAILID" VARCHAR2(50 BYTE), 
	"STATUS" VARCHAR2(20 BYTE) DEFAULT 'ACTIVE', 
	"GENDER" CHAR(1 BYTE), 
	"PASSWORD" VARCHAR2(50 BYTE) DEFAULT 'Eaiesb', 
	"COLUMN1" VARCHAR2(20 BYTE), 
	"COLUMN2" VARCHAR2(20 BYTE)
   ) SEGMENT CREATION IMMEDIATE 
  PCTFREE 10 PCTUSED 40 INITRANS 1 MAXTRANS 255 NOCOMPRESS LOGGING
  STORAGE(INITIAL 65536 NEXT 1048576 MINEXTENTS 1 MAXEXTENTS 2147483645
  PCTINCREASE 0 FREELISTS 1 FREELIST GROUPS 1 BUFFER_POOL DEFAULT FLASH_CACHE DEFAULT CELL_FLASH_CACHE DEFAULT)
  TABLESPACE "SYSTEM" ;
--------------------------------------------------------
--  DDL for Table USER_ROLES
--------------------------------------------------------

  CREATE TABLE "VISHAL2"."USER_ROLES" 
   (	"USER_ID" VARCHAR2(20 BYTE), 
	"ROLE_ID" VARCHAR2(20 BYTE), 
	"SNO" NUMBER
   ) SEGMENT CREATION IMMEDIATE 
  PCTFREE 10 PCTUSED 40 INITRANS 1 MAXTRANS 255 NOCOMPRESS LOGGING
  STORAGE(INITIAL 65536 NEXT 1048576 MINEXTENTS 1 MAXEXTENTS 2147483645
  PCTINCREASE 0 FREELISTS 1 FREELIST GROUPS 1 BUFFER_POOL DEFAULT FLASH_CACHE DEFAULT CELL_FLASH_CACHE DEFAULT)
  TABLESPACE "SYSTEM" ;
--------------------------------------------------------
--  DDL for Table WARDEN
--------------------------------------------------------

  CREATE TABLE "VISHAL2"."WARDEN" 
   (	"WARDEN_ID" VARCHAR2(20 BYTE), 
	"NAME" VARCHAR2(20 BYTE), 
	"HOSTELTYPE" VARCHAR2(20 BYTE)
   ) SEGMENT CREATION IMMEDIATE 
  PCTFREE 10 PCTUSED 40 INITRANS 1 MAXTRANS 255 NOCOMPRESS LOGGING
  STORAGE(INITIAL 65536 NEXT 1048576 MINEXTENTS 1 MAXEXTENTS 2147483645
  PCTINCREASE 0 FREELISTS 1 FREELIST GROUPS 1 BUFFER_POOL DEFAULT FLASH_CACHE DEFAULT CELL_FLASH_CACHE DEFAULT)
  TABLESPACE "SYSTEM" ;
--------------------------------------------------------
--  DDL for Sequence ATTENDANCE_SEQ
--------------------------------------------------------

   CREATE SEQUENCE  "VISHAL2"."ATTENDANCE_SEQ"  MINVALUE 1 MAXVALUE 9999999999999999999999999999 INCREMENT BY 1 START WITH 12 NOCACHE  NOORDER  NOCYCLE ;
--------------------------------------------------------
--  DDL for Sequence COURSES_SEQ
--------------------------------------------------------

   CREATE SEQUENCE  "VISHAL2"."COURSES_SEQ"  MINVALUE 1 MAXVALUE 9999999999999999999999999999 INCREMENT BY 1 START WITH 8 NOCACHE  NOORDER  NOCYCLE ;
--------------------------------------------------------
--  DDL for Sequence GATEPASS_TABLE_SEQ
--------------------------------------------------------

   CREATE SEQUENCE  "VISHAL2"."GATEPASS_TABLE_SEQ"  MINVALUE 1 MAXVALUE 9999999999999999999999999999 INCREMENT BY 1 START WITH 26 NOCACHE  NOORDER  NOCYCLE ;
--------------------------------------------------------
--  DDL for Sequence MARKS_SEQ
--------------------------------------------------------

   CREATE SEQUENCE  "VISHAL2"."MARKS_SEQ"  MINVALUE 1 MAXVALUE 9999999999999999999999999999 INCREMENT BY 1 START WITH 2 NOCACHE  NOORDER  NOCYCLE ;
--------------------------------------------------------
--  DDL for Sequence SEC_COURSES_SEQ
--------------------------------------------------------

   CREATE SEQUENCE  "VISHAL2"."SEC_COURSES_SEQ"  MINVALUE 1 MAXVALUE 9999999999999999999999999999 INCREMENT BY 1 START WITH 2 NOCACHE  NOORDER  NOCYCLE ;
--------------------------------------------------------
--  DDL for Sequence TEACHER_SEQ
--------------------------------------------------------

   CREATE SEQUENCE  "VISHAL2"."TEACHER_SEQ"  MINVALUE 1 MAXVALUE 9999999999999999999999999999 INCREMENT BY 1 START WITH 2 NOCACHE  NOORDER  NOCYCLE ;
--------------------------------------------------------
--  DDL for Sequence USR_ROLE_SEQ
--------------------------------------------------------

   CREATE SEQUENCE  "VISHAL2"."USR_ROLE_SEQ"  MINVALUE 1 MAXVALUE 9999999999999999999999999999 INCREMENT BY 1 START WITH 8 NOCACHE  NOORDER  NOCYCLE ;
--------------------------------------------------------
--  DDL for Sequence USR_SEQ
--------------------------------------------------------

   CREATE SEQUENCE  "VISHAL2"."USR_SEQ"  MINVALUE 1 MAXVALUE 9999999999999999999999999999 INCREMENT BY 1 START WITH 8 NOCACHE  NOORDER  NOCYCLE ;
REM INSERTING into VISHAL2.ATTENDANCE
SET DEFINE OFF;
Insert into VISHAL2.ATTENDANCE (SL_NO,STUDENT_ID,COURSE_ID,ATT_DATE,STATUS) values (5,'U001','4',to_timestamp_tz('15-JUN-17 11.23.57.097000000 AM ASIA/CALCUTTA','DD-MON-RR HH.MI.SSXFF AM TZR'),'A');
Insert into VISHAL2.ATTENDANCE (SL_NO,STUDENT_ID,COURSE_ID,ATT_DATE,STATUS) values (1,'U001','1',to_timestamp_tz('15-JUN-17 11.23.57.097000000 AM ASIA/CALCUTTA','DD-MON-RR HH.MI.SSXFF AM TZR'),'P');
Insert into VISHAL2.ATTENDANCE (SL_NO,STUDENT_ID,COURSE_ID,ATT_DATE,STATUS) values (2,'U001','2',to_timestamp_tz('15-JUN-17 11.24.02.741000000 AM ASIA/CALCUTTA','DD-MON-RR HH.MI.SSXFF AM TZR'),'P');
Insert into VISHAL2.ATTENDANCE (SL_NO,STUDENT_ID,COURSE_ID,ATT_DATE,STATUS) values (3,'U001','1',to_timestamp_tz('16-JUN-17 11.24.22.094000000 AM ASIA/CALCUTTA','DD-MON-RR HH.MI.SSXFF AM TZR'),'A');
Insert into VISHAL2.ATTENDANCE (SL_NO,STUDENT_ID,COURSE_ID,ATT_DATE,STATUS) values (4,'U001','3',to_timestamp_tz('15-JUN-17 11.23.57.097000000 AM ASIA/CALCUTTA','DD-MON-RR HH.MI.SSXFF AM TZR'),'P');
Insert into VISHAL2.ATTENDANCE (SL_NO,STUDENT_ID,COURSE_ID,ATT_DATE,STATUS) values (6,'U001','5',to_timestamp_tz('15-JUN-17 11.23.57.097000000 AM ASIA/CALCUTTA','DD-MON-RR HH.MI.SSXFF AM TZR'),'P');
Insert into VISHAL2.ATTENDANCE (SL_NO,STUDENT_ID,COURSE_ID,ATT_DATE,STATUS) values (7,'U001','6',to_timestamp_tz('16-JUN-17 11.23.57.097000000 AM ASIA/CALCUTTA','DD-MON-RR HH.MI.SSXFF AM TZR'),'P');
Insert into VISHAL2.ATTENDANCE (SL_NO,STUDENT_ID,COURSE_ID,ATT_DATE,STATUS) values (8,'U001','2',to_timestamp_tz('15-JUN-17 11.23.57.097000000 AM ASIA/CALCUTTA','DD-MON-RR HH.MI.SSXFF AM TZR'),'A');
Insert into VISHAL2.ATTENDANCE (SL_NO,STUDENT_ID,COURSE_ID,ATT_DATE,STATUS) values (9,'U001','7',to_timestamp_tz('16-JUN-17 11.23.57.097000000 AM ASIA/CALCUTTA','DD-MON-RR HH.MI.SSXFF AM TZR'),'P');
Insert into VISHAL2.ATTENDANCE (SL_NO,STUDENT_ID,COURSE_ID,ATT_DATE,STATUS) values (10,'U001','5',to_timestamp_tz('18-JUN-17 11.23.57.097000000 AM ASIA/CALCUTTA','DD-MON-RR HH.MI.SSXFF AM TZR'),'P');
Insert into VISHAL2.ATTENDANCE (SL_NO,STUDENT_ID,COURSE_ID,ATT_DATE,STATUS) values (11,'U001','1',to_timestamp_tz('18-JUN-17 11.23.57.097000000 AM ASIA/CALCUTTA','DD-MON-RR HH.MI.SSXFF AM TZR'),'P');
REM INSERTING into VISHAL2.COURSES
SET DEFINE OFF;
Insert into VISHAL2.COURSES (COURSE_ID,COURSE_NAME,CREDITS) values ('1','SE',3);
Insert into VISHAL2.COURSES (COURSE_ID,COURSE_NAME,CREDITS) values ('2','CN',4);
Insert into VISHAL2.COURSES (COURSE_ID,COURSE_NAME,CREDITS) values ('3','DHD',3);
Insert into VISHAL2.COURSES (COURSE_ID,COURSE_NAME,CREDITS) values ('4','SNPS',3);
Insert into VISHAL2.COURSES (COURSE_ID,COURSE_NAME,CREDITS) values ('5','UB',3);
Insert into VISHAL2.COURSES (COURSE_ID,COURSE_NAME,CREDITS) values ('6','GCS',3);
Insert into VISHAL2.COURSES (COURSE_ID,COURSE_NAME,CREDITS) values ('7','IR',3);
REM INSERTING into VISHAL2.GATEPASS_TABLE
SET DEFINE OFF;
Insert into VISHAL2.GATEPASS_TABLE (GATEPASS_ID,STUDENT_ID,REQUESTED_CHECKOUT,REQUESTED_CHECKIN,STUDENT_REASON,PARENT_APPROVEDTIME,WARDEN_APPROVEDTIME,PARENT_REASON,WARDEN_REASON,STATUS,REQUESTED_TIME,SECURITY_ID,WARDEN_ID,STUDENT_IP,PARENT_IP,ACTUAL_CHECKOUTTIME,ACTUAL_CHECKINTIME,ATTRIBUTE1,ATTRIBUTE2,ATTRIBUTE3,ATTRIBUTE4,COLUMN22) values (21,'U001',to_timestamp('28-NOV-17 08.40.00.000000000 PM','DD-MON-RR HH.MI.SSXFF AM'),to_timestamp('29-NOV-17 08.36.00.000000000 PM','DD-MON-RR HH.MI.SSXFF AM'),'Test',to_timestamp('28-NOV-17 08.41.01.435000000 PM','DD-MON-RR HH.MI.SSXFF AM'),to_timestamp('28-NOV-17 08.42.31.006000000 PM','DD-MON-RR HH.MI.SSXFF AM'),null,null,'Check In',to_timestamp('28-NOV-17 08.37.21.655000000 PM','DD-MON-RR HH.MI.SSXFF AM'),'U005','U003','VISHAL/192.168.67.2/220.225.255.213','VISHAL/192.168.67.2/220.225.255.213',to_timestamp('28-NOV-17 08.43.39.063000000 PM','DD-MON-RR HH.MI.SSXFF AM'),to_timestamp('28-NOV-17 08.43.43.973000000 PM','DD-MON-RR HH.MI.SSXFF AM'),null,null,null,null,null);
Insert into VISHAL2.GATEPASS_TABLE (GATEPASS_ID,STUDENT_ID,REQUESTED_CHECKOUT,REQUESTED_CHECKIN,STUDENT_REASON,PARENT_APPROVEDTIME,WARDEN_APPROVEDTIME,PARENT_REASON,WARDEN_REASON,STATUS,REQUESTED_TIME,SECURITY_ID,WARDEN_ID,STUDENT_IP,PARENT_IP,ACTUAL_CHECKOUTTIME,ACTUAL_CHECKINTIME,ATTRIBUTE1,ATTRIBUTE2,ATTRIBUTE3,ATTRIBUTE4,COLUMN22) values (22,'U001',to_timestamp('28-NOV-17 09.03.00.000000000 PM','DD-MON-RR HH.MI.SSXFF AM'),to_timestamp('29-NOV-17 09.00.00.000000000 PM','DD-MON-RR HH.MI.SSXFF AM'),'Integration testing',to_timestamp('28-NOV-17 09.01.00.803000000 PM','DD-MON-RR HH.MI.SSXFF AM'),to_timestamp('28-NOV-17 09.01.24.502000000 PM','DD-MON-RR HH.MI.SSXFF AM'),null,null,'Check In',to_timestamp('28-NOV-17 09.00.29.460000000 PM','DD-MON-RR HH.MI.SSXFF AM'),'U005','U003','VISHAL/192.168.67.2/220.225.255.213','VISHAL/192.168.67.2/220.225.255.213',to_timestamp('28-NOV-17 09.03.21.272000000 PM','DD-MON-RR HH.MI.SSXFF AM'),to_timestamp('28-NOV-17 09.03.28.246000000 PM','DD-MON-RR HH.MI.SSXFF AM'),null,null,null,null,null);
Insert into VISHAL2.GATEPASS_TABLE (GATEPASS_ID,STUDENT_ID,REQUESTED_CHECKOUT,REQUESTED_CHECKIN,STUDENT_REASON,PARENT_APPROVEDTIME,WARDEN_APPROVEDTIME,PARENT_REASON,WARDEN_REASON,STATUS,REQUESTED_TIME,SECURITY_ID,WARDEN_ID,STUDENT_IP,PARENT_IP,ACTUAL_CHECKOUTTIME,ACTUAL_CHECKINTIME,ATTRIBUTE1,ATTRIBUTE2,ATTRIBUTE3,ATTRIBUTE4,COLUMN22) values (23,'U001',to_timestamp('02-DEC-17 11.10.00.000000000 AM','DD-MON-RR HH.MI.SSXFF AM'),to_timestamp('08-DEC-17 11.10.00.000000000 AM','DD-MON-RR HH.MI.SSXFF AM'),'test - 2',null,null,null,null,'Initiated',to_timestamp('01-DEC-17 11.11.04.673000000 AM','DD-MON-RR HH.MI.SSXFF AM'),null,null,'VISHAL/192.168.67.2/220.225.255.213',null,null,null,null,null,null,null,null);
Insert into VISHAL2.GATEPASS_TABLE (GATEPASS_ID,STUDENT_ID,REQUESTED_CHECKOUT,REQUESTED_CHECKIN,STUDENT_REASON,PARENT_APPROVEDTIME,WARDEN_APPROVEDTIME,PARENT_REASON,WARDEN_REASON,STATUS,REQUESTED_TIME,SECURITY_ID,WARDEN_ID,STUDENT_IP,PARENT_IP,ACTUAL_CHECKOUTTIME,ACTUAL_CHECKINTIME,ATTRIBUTE1,ATTRIBUTE2,ATTRIBUTE3,ATTRIBUTE4,COLUMN22) values (25,'U001',to_timestamp('02-DEC-17 12.37.00.000000000 PM','DD-MON-RR HH.MI.SSXFF AM'),to_timestamp('03-DEC-17 12.37.00.000000000 PM','DD-MON-RR HH.MI.SSXFF AM'),'Acceptance testing',to_timestamp('01-DEC-17 12.38.09.574000000 PM','DD-MON-RR HH.MI.SSXFF AM'),to_timestamp('01-DEC-17 12.38.31.749000000 PM','DD-MON-RR HH.MI.SSXFF AM'),null,null,'Warden Approved',to_timestamp('01-DEC-17 12.37.15.942000000 PM','DD-MON-RR HH.MI.SSXFF AM'),null,'U003','VISHAL/192.168.67.2/117.239.226.201','VISHAL/192.168.67.2/117.239.226.201',null,null,null,null,null,null,null);
Insert into VISHAL2.GATEPASS_TABLE (GATEPASS_ID,STUDENT_ID,REQUESTED_CHECKOUT,REQUESTED_CHECKIN,STUDENT_REASON,PARENT_APPROVEDTIME,WARDEN_APPROVEDTIME,PARENT_REASON,WARDEN_REASON,STATUS,REQUESTED_TIME,SECURITY_ID,WARDEN_ID,STUDENT_IP,PARENT_IP,ACTUAL_CHECKOUTTIME,ACTUAL_CHECKINTIME,ATTRIBUTE1,ATTRIBUTE2,ATTRIBUTE3,ATTRIBUTE4,COLUMN22) values (1,'U001',to_timestamp('13-NOV-17 01.10.00.000000000 PM','DD-MON-RR HH.MI.SSXFF AM'),to_timestamp('16-NOV-17 01.10.00.000000000 PM','DD-MON-RR HH.MI.SSXFF AM'),'Health issue',null,null,null,null,'Initiated',to_timestamp('09-NOV-17 01.10.47.300000000 PM','DD-MON-RR HH.MI.SSXFF AM'),null,null,'VISHAL/192.168.67.2/220.225.255.213',null,null,null,null,null,null,null,null);
Insert into VISHAL2.GATEPASS_TABLE (GATEPASS_ID,STUDENT_ID,REQUESTED_CHECKOUT,REQUESTED_CHECKIN,STUDENT_REASON,PARENT_APPROVEDTIME,WARDEN_APPROVEDTIME,PARENT_REASON,WARDEN_REASON,STATUS,REQUESTED_TIME,SECURITY_ID,WARDEN_ID,STUDENT_IP,PARENT_IP,ACTUAL_CHECKOUTTIME,ACTUAL_CHECKINTIME,ATTRIBUTE1,ATTRIBUTE2,ATTRIBUTE3,ATTRIBUTE4,COLUMN22) values (2,'U001',to_timestamp('16-NOV-17 01.28.00.000000000 PM','DD-MON-RR HH.MI.SSXFF AM'),to_timestamp('20-NOV-17 01.28.00.000000000 PM','DD-MON-RR HH.MI.SSXFF AM'),'Movie',null,null,null,null,'Initiated',to_timestamp('09-NOV-17 01.28.21.717000000 PM','DD-MON-RR HH.MI.SSXFF AM'),null,null,'VISHAL/192.168.67.2/220.225.255.213',null,null,null,null,null,null,null,null);
REM INSERTING into VISHAL2.MARKS
SET DEFINE OFF;
Insert into VISHAL2.MARKS (SL_NO,SECTION_ID,STUDENT_ID,MARKS1,MARKS2,MARKS3,MARKS4,MARKS5,MARKS6,MARKS7) values (1,'1','U001',9,10,8,7,9,8,8);
REM INSERTING into VISHAL2.ROLES
SET DEFINE OFF;
Insert into VISHAL2.ROLES (ROLE_ID,ROLE_NAME) values ('R002','PARENT');
Insert into VISHAL2.ROLES (ROLE_ID,ROLE_NAME) values ('R003','WARDEN');
Insert into VISHAL2.ROLES (ROLE_ID,ROLE_NAME) values ('R004','TEACHER');
Insert into VISHAL2.ROLES (ROLE_ID,ROLE_NAME) values ('R005','SECURITY');
Insert into VISHAL2.ROLES (ROLE_ID,ROLE_NAME) values ('R001','STUDENT');
REM INSERTING into VISHAL2.SECTIONS
SET DEFINE OFF;
Insert into VISHAL2.SECTIONS (BATCH,SEMESTER,DEPT,COURSE1,COURSE2,COURSE3,COURSE4,COURSE5,COURSE6,COURSE7,SEC_ID) values ('2015','1','CSE','1','2','3','4','5','6','7','1');
REM INSERTING into VISHAL2.STUDENT
SET DEFINE OFF;
Insert into VISHAL2.STUDENT (STUDENT_ID,NAME,BATCH,DEPT,PARENT_ID,HOSTEL_NAME,BIRTH_DATE,PHONE_NO,PARENT_PHONE,ADDRESS,NATIONALITY,AADHAR,COLUMN1,COLUMN2,COLUMN3,COLUMN4) values ('15B00280','sangu','2015','CSE','U006','A',null,null,null,null,null,null,null,null,null,null);
Insert into VISHAL2.STUDENT (STUDENT_ID,NAME,BATCH,DEPT,PARENT_ID,HOSTEL_NAME,BIRTH_DATE,PHONE_NO,PARENT_PHONE,ADDRESS,NATIONALITY,AADHAR,COLUMN1,COLUMN2,COLUMN3,COLUMN4) values ('U001','Venu','2015','CSE','U002','A',to_date('01-APR-98','DD-MON-RR'),'9639639631','3693693691','Flat No 105
NR Enclave
Hyderabad','INDIAN','1215446514',null,null,null,null);
REM INSERTING into VISHAL2.STUDENT_SECTIONS
SET DEFINE OFF;
Insert into VISHAL2.STUDENT_SECTIONS (STUDENT_ID,SEC1,SEC2,SEC3,SEC4,SEC5,SEC6,SEC7,SEC8) values ('15B00280','1',null,null,null,null,null,null,null);
Insert into VISHAL2.STUDENT_SECTIONS (STUDENT_ID,SEC1,SEC2,SEC3,SEC4,SEC5,SEC6,SEC7,SEC8) values ('U001','1',null,null,null,null,null,null,null);
REM INSERTING into VISHAL2.TEACHER
SET DEFINE OFF;
Insert into VISHAL2.TEACHER (SL_NO,TEACHER_ID,SECTION_ID) values ('1','U004','1');
REM INSERTING into VISHAL2.USERS
SET DEFINE OFF;
Insert into VISHAL2.USERS (SNO,USER_ID,NAME,EMAILID,STATUS,GENDER,PASSWORD,COLUMN1,COLUMN2) values (2,'U002','nikhil','nikhilkodit1@gmail.com','ACTIVE','M','Eaiesb',null,null);
Insert into VISHAL2.USERS (SNO,USER_ID,NAME,EMAILID,STATUS,GENDER,PASSWORD,COLUMN1,COLUMN2) values (3,'U003','venu','kvmadhav999@gmail.com','ACTIVE','M','Eaiesb',null,null);
Insert into VISHAL2.USERS (SNO,USER_ID,NAME,EMAILID,STATUS,GENDER,PASSWORD,COLUMN1,COLUMN2) values (4,'U004','prakash','venkata.sai.15cse@bml.edu.in','ACTIVE','M','Eaiesb',null,null);
Insert into VISHAL2.USERS (SNO,USER_ID,NAME,EMAILID,STATUS,GENDER,PASSWORD,COLUMN1,COLUMN2) values (5,'U005','sai','chandrasairam.maddikunta.15cse@bml.ed.in','ACTIVE','M','Eaiesb',null,null);
Insert into VISHAL2.USERS (SNO,USER_ID,NAME,EMAILID,STATUS,GENDER,PASSWORD,COLUMN1,COLUMN2) values (6,'15B00280','sangu','sangureddy','ACTIVE','M','Eaiesb',null,null);
Insert into VISHAL2.USERS (SNO,USER_ID,NAME,EMAILID,STATUS,GENDER,PASSWORD,COLUMN1,COLUMN2) values (7,'U006','parent','vishal.wudaru@gmail.com','ACTIVE','M','Eaiesb',null,null);
Insert into VISHAL2.USERS (SNO,USER_ID,NAME,EMAILID,STATUS,GENDER,PASSWORD,COLUMN1,COLUMN2) values (1,'U001','vishal','vishal.wudaru@gmail.com','ACTIVE','M','Eaiesb',null,null);
REM INSERTING into VISHAL2.USER_ROLES
SET DEFINE OFF;
Insert into VISHAL2.USER_ROLES (USER_ID,ROLE_ID,SNO) values ('U006','R002',7);
Insert into VISHAL2.USER_ROLES (USER_ID,ROLE_ID,SNO) values ('U001','R001',1);
Insert into VISHAL2.USER_ROLES (USER_ID,ROLE_ID,SNO) values ('U002','R002',2);
Insert into VISHAL2.USER_ROLES (USER_ID,ROLE_ID,SNO) values ('U003','R003',3);
Insert into VISHAL2.USER_ROLES (USER_ID,ROLE_ID,SNO) values ('U004','R004',4);
Insert into VISHAL2.USER_ROLES (USER_ID,ROLE_ID,SNO) values ('U005','R005',5);
Insert into VISHAL2.USER_ROLES (USER_ID,ROLE_ID,SNO) values ('15B00280','R001',6);
REM INSERTING into VISHAL2.WARDEN
SET DEFINE OFF;
Insert into VISHAL2.WARDEN (WARDEN_ID,NAME,HOSTELTYPE) values ('U003','venu','A');
--------------------------------------------------------
--  DDL for Index STUDENT_SECTIONS_PK
--------------------------------------------------------

  CREATE UNIQUE INDEX "VISHAL2"."STUDENT_SECTIONS_PK" ON "VISHAL2"."STUDENT_SECTIONS" ("STUDENT_ID") 
  PCTFREE 10 INITRANS 2 MAXTRANS 255 COMPUTE STATISTICS 
  STORAGE(INITIAL 65536 NEXT 1048576 MINEXTENTS 1 MAXEXTENTS 2147483645
  PCTINCREASE 0 FREELISTS 1 FREELIST GROUPS 1 BUFFER_POOL DEFAULT FLASH_CACHE DEFAULT CELL_FLASH_CACHE DEFAULT)
  TABLESPACE "SYSTEM" ;
--------------------------------------------------------
--  DDL for Index GATEPASS_TABLE_PK
--------------------------------------------------------

  CREATE UNIQUE INDEX "VISHAL2"."GATEPASS_TABLE_PK" ON "VISHAL2"."GATEPASS_TABLE" ("GATEPASS_ID") 
  PCTFREE 10 INITRANS 2 MAXTRANS 255 COMPUTE STATISTICS 
  STORAGE(INITIAL 65536 NEXT 1048576 MINEXTENTS 1 MAXEXTENTS 2147483645
  PCTINCREASE 0 FREELISTS 1 FREELIST GROUPS 1 BUFFER_POOL DEFAULT FLASH_CACHE DEFAULT CELL_FLASH_CACHE DEFAULT)
  TABLESPACE "SYSTEM" ;
--------------------------------------------------------
--  DDL for Index WARDEN_PK
--------------------------------------------------------

  CREATE UNIQUE INDEX "VISHAL2"."WARDEN_PK" ON "VISHAL2"."WARDEN" ("WARDEN_ID") 
  PCTFREE 10 INITRANS 2 MAXTRANS 255 COMPUTE STATISTICS 
  STORAGE(INITIAL 65536 NEXT 1048576 MINEXTENTS 1 MAXEXTENTS 2147483645
  PCTINCREASE 0 FREELISTS 1 FREELIST GROUPS 1 BUFFER_POOL DEFAULT FLASH_CACHE DEFAULT CELL_FLASH_CACHE DEFAULT)
  TABLESPACE "SYSTEM" ;
--------------------------------------------------------
--  DDL for Index USER_ROLES_PK
--------------------------------------------------------

  CREATE UNIQUE INDEX "VISHAL2"."USER_ROLES_PK" ON "VISHAL2"."USER_ROLES" ("SNO") 
  PCTFREE 10 INITRANS 2 MAXTRANS 255 COMPUTE STATISTICS 
  STORAGE(INITIAL 65536 NEXT 1048576 MINEXTENTS 1 MAXEXTENTS 2147483645
  PCTINCREASE 0 FREELISTS 1 FREELIST GROUPS 1 BUFFER_POOL DEFAULT FLASH_CACHE DEFAULT CELL_FLASH_CACHE DEFAULT)
  TABLESPACE "SYSTEM" ;
--------------------------------------------------------
--  DDL for Index SECTIONS_PK
--------------------------------------------------------

  CREATE UNIQUE INDEX "VISHAL2"."SECTIONS_PK" ON "VISHAL2"."SECTIONS" ("SEC_ID") 
  PCTFREE 10 INITRANS 2 MAXTRANS 255 COMPUTE STATISTICS 
  STORAGE(INITIAL 65536 NEXT 1048576 MINEXTENTS 1 MAXEXTENTS 2147483645
  PCTINCREASE 0 FREELISTS 1 FREELIST GROUPS 1 BUFFER_POOL DEFAULT FLASH_CACHE DEFAULT CELL_FLASH_CACHE DEFAULT)
  TABLESPACE "SYSTEM" ;
--------------------------------------------------------
--  DDL for Index ATTENDANCE_PK
--------------------------------------------------------

  CREATE UNIQUE INDEX "VISHAL2"."ATTENDANCE_PK" ON "VISHAL2"."ATTENDANCE" ("SL_NO") 
  PCTFREE 10 INITRANS 2 MAXTRANS 255 COMPUTE STATISTICS 
  STORAGE(INITIAL 65536 NEXT 1048576 MINEXTENTS 1 MAXEXTENTS 2147483645
  PCTINCREASE 0 FREELISTS 1 FREELIST GROUPS 1 BUFFER_POOL DEFAULT FLASH_CACHE DEFAULT CELL_FLASH_CACHE DEFAULT)
  TABLESPACE "SYSTEM" ;
--------------------------------------------------------
--  DDL for Index USERS_PK1
--------------------------------------------------------

  CREATE UNIQUE INDEX "VISHAL2"."USERS_PK1" ON "VISHAL2"."USERS" ("USER_ID") 
  PCTFREE 10 INITRANS 2 MAXTRANS 255 COMPUTE STATISTICS 
  STORAGE(INITIAL 65536 NEXT 1048576 MINEXTENTS 1 MAXEXTENTS 2147483645
  PCTINCREASE 0 FREELISTS 1 FREELIST GROUPS 1 BUFFER_POOL DEFAULT FLASH_CACHE DEFAULT CELL_FLASH_CACHE DEFAULT)
  TABLESPACE "SYSTEM" ;
--------------------------------------------------------
--  DDL for Index STUDENT_PK
--------------------------------------------------------

  CREATE UNIQUE INDEX "VISHAL2"."STUDENT_PK" ON "VISHAL2"."STUDENT" ("STUDENT_ID") 
  PCTFREE 10 INITRANS 2 MAXTRANS 255 COMPUTE STATISTICS 
  STORAGE(INITIAL 65536 NEXT 1048576 MINEXTENTS 1 MAXEXTENTS 2147483645
  PCTINCREASE 0 FREELISTS 1 FREELIST GROUPS 1 BUFFER_POOL DEFAULT FLASH_CACHE DEFAULT CELL_FLASH_CACHE DEFAULT)
  TABLESPACE "SYSTEM" ;
--------------------------------------------------------
--  DDL for Index COURSES_PK
--------------------------------------------------------

  CREATE UNIQUE INDEX "VISHAL2"."COURSES_PK" ON "VISHAL2"."COURSES" ("COURSE_ID") 
  PCTFREE 10 INITRANS 2 MAXTRANS 255 COMPUTE STATISTICS 
  STORAGE(INITIAL 65536 NEXT 1048576 MINEXTENTS 1 MAXEXTENTS 2147483645
  PCTINCREASE 0 FREELISTS 1 FREELIST GROUPS 1 BUFFER_POOL DEFAULT FLASH_CACHE DEFAULT CELL_FLASH_CACHE DEFAULT)
  TABLESPACE "SYSTEM" ;
--------------------------------------------------------
--  DDL for Index ROLES_PK
--------------------------------------------------------

  CREATE UNIQUE INDEX "VISHAL2"."ROLES_PK" ON "VISHAL2"."ROLES" ("ROLE_ID") 
  PCTFREE 10 INITRANS 2 MAXTRANS 255 COMPUTE STATISTICS 
  STORAGE(INITIAL 65536 NEXT 1048576 MINEXTENTS 1 MAXEXTENTS 2147483645
  PCTINCREASE 0 FREELISTS 1 FREELIST GROUPS 1 BUFFER_POOL DEFAULT FLASH_CACHE DEFAULT CELL_FLASH_CACHE DEFAULT)
  TABLESPACE "SYSTEM" ;
--------------------------------------------------------
--  DDL for Index MARKS_PK
--------------------------------------------------------

  CREATE UNIQUE INDEX "VISHAL2"."MARKS_PK" ON "VISHAL2"."MARKS" ("SL_NO") 
  PCTFREE 10 INITRANS 2 MAXTRANS 255 COMPUTE STATISTICS 
  STORAGE(INITIAL 65536 NEXT 1048576 MINEXTENTS 1 MAXEXTENTS 2147483645
  PCTINCREASE 0 FREELISTS 1 FREELIST GROUPS 1 BUFFER_POOL DEFAULT FLASH_CACHE DEFAULT CELL_FLASH_CACHE DEFAULT)
  TABLESPACE "SYSTEM" ;
--------------------------------------------------------
--  DDL for Index TEACHER_PK
--------------------------------------------------------

  CREATE UNIQUE INDEX "VISHAL2"."TEACHER_PK" ON "VISHAL2"."TEACHER" ("SL_NO") 
  PCTFREE 10 INITRANS 2 MAXTRANS 255 COMPUTE STATISTICS 
  STORAGE(INITIAL 65536 NEXT 1048576 MINEXTENTS 1 MAXEXTENTS 2147483645
  PCTINCREASE 0 FREELISTS 1 FREELIST GROUPS 1 BUFFER_POOL DEFAULT FLASH_CACHE DEFAULT CELL_FLASH_CACHE DEFAULT)
  TABLESPACE "SYSTEM" ;
--------------------------------------------------------
--  DDL for Trigger ATTENDANCE_TRG
--------------------------------------------------------

  CREATE OR REPLACE TRIGGER "VISHAL2"."ATTENDANCE_TRG" 
BEFORE INSERT ON ATTENDANCE
FOR EACH ROW
BEGIN
  <<COLUMN_SEQUENCES>>
  BEGIN
    IF INSERTING AND :NEW.SL_NO IS NULL THEN
      SELECT ATTENDANCE_SEQ.NEXTVAL INTO :NEW.SL_NO FROM SYS.DUAL;
    END IF;
  END COLUMN_SEQUENCES;
END;
/
ALTER TRIGGER "VISHAL2"."ATTENDANCE_TRG" ENABLE;
--------------------------------------------------------
--  DDL for Trigger COURSES_TRG
--------------------------------------------------------

  CREATE OR REPLACE TRIGGER "VISHAL2"."COURSES_TRG" 
BEFORE INSERT ON COURSES
FOR EACH ROW
BEGIN
  <<COLUMN_SEQUENCES>>
  BEGIN
    IF INSERTING AND :NEW.COURSE_ID IS NULL THEN
      SELECT COURSES_SEQ.NEXTVAL INTO :NEW.COURSE_ID FROM SYS.DUAL;
    END IF;
  END COLUMN_SEQUENCES;
END;
/
ALTER TRIGGER "VISHAL2"."COURSES_TRG" ENABLE;
--------------------------------------------------------
--  DDL for Trigger GATEPASS_TABLE_TRIG
--------------------------------------------------------

  CREATE OR REPLACE TRIGGER "VISHAL2"."GATEPASS_TABLE_TRIG" BEFORE INSERT ON GATEPASS_TABLE
FOR EACH ROW
BEGIN
 <<COLUMN_SEQUENCES>>
 BEGIN
   IF :NEW.GATEPASS_ID IS NULL THEN
     SELECT GATEPASS_TABLE_SEQ.NEXTVAL INTO :NEW.GATEPASS_ID FROM DUAL;
   END IF;
 END COLUMN_SEQUENCES;
END;
/
ALTER TRIGGER "VISHAL2"."GATEPASS_TABLE_TRIG" ENABLE;
--------------------------------------------------------
--  DDL for Trigger MARKS_TRG
--------------------------------------------------------

  CREATE OR REPLACE TRIGGER "VISHAL2"."MARKS_TRG" 
BEFORE INSERT ON MARKS
FOR EACH ROW
BEGIN
  <<COLUMN_SEQUENCES>>
  BEGIN
    IF INSERTING AND :NEW.SL_NO IS NULL THEN
      SELECT MARKS_SEQ.NEXTVAL INTO :NEW.SL_NO FROM SYS.DUAL;
    END IF;
  END COLUMN_SEQUENCES;
END;
/
ALTER TRIGGER "VISHAL2"."MARKS_TRG" ENABLE;
--------------------------------------------------------
--  DDL for Trigger SEC_COURSES_TRG
--------------------------------------------------------

  CREATE OR REPLACE TRIGGER "VISHAL2"."SEC_COURSES_TRG" 
BEFORE INSERT ON SECTIONS
FOR EACH ROW
BEGIN
  <<COLUMN_SEQUENCES>>
  BEGIN
    IF INSERTING AND :NEW.SEC_ID IS NULL THEN
      SELECT SEC_COURSES_SEQ.NEXTVAL INTO :NEW.SEC_ID FROM SYS.DUAL;
    END IF;
  END COLUMN_SEQUENCES;
END;
/
ALTER TRIGGER "VISHAL2"."SEC_COURSES_TRG" ENABLE;
--------------------------------------------------------
--  DDL for Trigger TEACHER_TRG
--------------------------------------------------------

  CREATE OR REPLACE TRIGGER "VISHAL2"."TEACHER_TRG" 
BEFORE INSERT ON TEACHER
FOR EACH ROW
BEGIN
  <<COLUMN_SEQUENCES>>
  BEGIN
    IF INSERTING AND :NEW.SL_NO IS NULL THEN
      SELECT TEACHER_SEQ.NEXTVAL INTO :NEW.SL_NO FROM SYS.DUAL;
    END IF;
  END COLUMN_SEQUENCES;
END;
/
ALTER TRIGGER "VISHAL2"."TEACHER_TRG" ENABLE;
--------------------------------------------------------
--  DDL for Trigger USER_ROLE_TRG
--------------------------------------------------------

  CREATE OR REPLACE TRIGGER "VISHAL2"."USER_ROLE_TRG" BEFORE INSERT ON USER_ROLES
FOR EACH ROW
BEGIN
 <<COLUMN_SEQUENCES>>
 BEGIN
   IF :NEW.SNO IS NULL THEN
     SELECT USR_ROLE_SEQ.NEXTVAL INTO :NEW.SNO FROM DUAL;
   END IF;
 END COLUMN_SEQUENCES;
END;
/
ALTER TRIGGER "VISHAL2"."USER_ROLE_TRG" ENABLE;
--------------------------------------------------------
--  DDL for Trigger USER_TRIG
--------------------------------------------------------

  CREATE OR REPLACE TRIGGER "VISHAL2"."USER_TRIG" BEFORE INSERT ON USERS
FOR EACH ROW
BEGIN
 <<COLUMN_SEQUENCES>>
 BEGIN
   IF :NEW.SNO IS NULL THEN
     SELECT USR_SEQ.NEXTVAL INTO :NEW.SNO FROM DUAL;
   END IF;
 END COLUMN_SEQUENCES;
END;
/
ALTER TRIGGER "VISHAL2"."USER_TRIG" ENABLE;
--------------------------------------------------------
--  Constraints for Table ATTENDANCE
--------------------------------------------------------

  ALTER TABLE "VISHAL2"."ATTENDANCE" ADD CONSTRAINT "ATTENDANCE_PK" PRIMARY KEY ("SL_NO")
  USING INDEX PCTFREE 10 INITRANS 2 MAXTRANS 255 COMPUTE STATISTICS 
  STORAGE(INITIAL 65536 NEXT 1048576 MINEXTENTS 1 MAXEXTENTS 2147483645
  PCTINCREASE 0 FREELISTS 1 FREELIST GROUPS 1 BUFFER_POOL DEFAULT FLASH_CACHE DEFAULT CELL_FLASH_CACHE DEFAULT)
  TABLESPACE "SYSTEM"  ENABLE;
  ALTER TABLE "VISHAL2"."ATTENDANCE" MODIFY ("SL_NO" NOT NULL ENABLE);
--------------------------------------------------------
--  Constraints for Table TEACHER
--------------------------------------------------------

  ALTER TABLE "VISHAL2"."TEACHER" ADD CONSTRAINT "TEACHER_PK" PRIMARY KEY ("SL_NO")
  USING INDEX PCTFREE 10 INITRANS 2 MAXTRANS 255 COMPUTE STATISTICS 
  STORAGE(INITIAL 65536 NEXT 1048576 MINEXTENTS 1 MAXEXTENTS 2147483645
  PCTINCREASE 0 FREELISTS 1 FREELIST GROUPS 1 BUFFER_POOL DEFAULT FLASH_CACHE DEFAULT CELL_FLASH_CACHE DEFAULT)
  TABLESPACE "SYSTEM"  ENABLE;
  ALTER TABLE "VISHAL2"."TEACHER" MODIFY ("SL_NO" NOT NULL ENABLE);
--------------------------------------------------------
--  Constraints for Table SECTIONS
--------------------------------------------------------

  ALTER TABLE "VISHAL2"."SECTIONS" ADD CONSTRAINT "SECTIONS_PK" PRIMARY KEY ("SEC_ID")
  USING INDEX PCTFREE 10 INITRANS 2 MAXTRANS 255 COMPUTE STATISTICS 
  STORAGE(INITIAL 65536 NEXT 1048576 MINEXTENTS 1 MAXEXTENTS 2147483645
  PCTINCREASE 0 FREELISTS 1 FREELIST GROUPS 1 BUFFER_POOL DEFAULT FLASH_CACHE DEFAULT CELL_FLASH_CACHE DEFAULT)
  TABLESPACE "SYSTEM"  ENABLE;
  ALTER TABLE "VISHAL2"."SECTIONS" MODIFY ("SEC_ID" NOT NULL ENABLE);
--------------------------------------------------------
--  Constraints for Table USER_ROLES
--------------------------------------------------------

  ALTER TABLE "VISHAL2"."USER_ROLES" ADD CONSTRAINT "USER_ROLES_PK" PRIMARY KEY ("SNO")
  USING INDEX PCTFREE 10 INITRANS 2 MAXTRANS 255 COMPUTE STATISTICS 
  STORAGE(INITIAL 65536 NEXT 1048576 MINEXTENTS 1 MAXEXTENTS 2147483645
  PCTINCREASE 0 FREELISTS 1 FREELIST GROUPS 1 BUFFER_POOL DEFAULT FLASH_CACHE DEFAULT CELL_FLASH_CACHE DEFAULT)
  TABLESPACE "SYSTEM"  ENABLE;
  ALTER TABLE "VISHAL2"."USER_ROLES" MODIFY ("SNO" NOT NULL ENABLE);
  ALTER TABLE "VISHAL2"."USER_ROLES" MODIFY ("USER_ID" NOT NULL ENABLE);
  ALTER TABLE "VISHAL2"."USER_ROLES" MODIFY ("ROLE_ID" NOT NULL ENABLE);
--------------------------------------------------------
--  Constraints for Table STUDENT_SECTIONS
--------------------------------------------------------

  ALTER TABLE "VISHAL2"."STUDENT_SECTIONS" ADD CONSTRAINT "STUDENT_SECTIONS_PK" PRIMARY KEY ("STUDENT_ID")
  USING INDEX PCTFREE 10 INITRANS 2 MAXTRANS 255 COMPUTE STATISTICS 
  STORAGE(INITIAL 65536 NEXT 1048576 MINEXTENTS 1 MAXEXTENTS 2147483645
  PCTINCREASE 0 FREELISTS 1 FREELIST GROUPS 1 BUFFER_POOL DEFAULT FLASH_CACHE DEFAULT CELL_FLASH_CACHE DEFAULT)
  TABLESPACE "SYSTEM"  ENABLE;
  ALTER TABLE "VISHAL2"."STUDENT_SECTIONS" MODIFY ("STUDENT_ID" NOT NULL ENABLE);
--------------------------------------------------------
--  Constraints for Table ROLES
--------------------------------------------------------

  ALTER TABLE "VISHAL2"."ROLES" MODIFY ("ROLE_ID" NOT NULL ENABLE);
  ALTER TABLE "VISHAL2"."ROLES" MODIFY ("ROLE_NAME" NOT NULL ENABLE);
  ALTER TABLE "VISHAL2"."ROLES" ADD CONSTRAINT "ROLES_PK" PRIMARY KEY ("ROLE_ID")
  USING INDEX PCTFREE 10 INITRANS 2 MAXTRANS 255 COMPUTE STATISTICS 
  STORAGE(INITIAL 65536 NEXT 1048576 MINEXTENTS 1 MAXEXTENTS 2147483645
  PCTINCREASE 0 FREELISTS 1 FREELIST GROUPS 1 BUFFER_POOL DEFAULT FLASH_CACHE DEFAULT CELL_FLASH_CACHE DEFAULT)
  TABLESPACE "SYSTEM"  ENABLE;
--------------------------------------------------------
--  Constraints for Table MARKS
--------------------------------------------------------

  ALTER TABLE "VISHAL2"."MARKS" ADD CONSTRAINT "MARKS_PK" PRIMARY KEY ("SL_NO")
  USING INDEX PCTFREE 10 INITRANS 2 MAXTRANS 255 COMPUTE STATISTICS 
  STORAGE(INITIAL 65536 NEXT 1048576 MINEXTENTS 1 MAXEXTENTS 2147483645
  PCTINCREASE 0 FREELISTS 1 FREELIST GROUPS 1 BUFFER_POOL DEFAULT FLASH_CACHE DEFAULT CELL_FLASH_CACHE DEFAULT)
  TABLESPACE "SYSTEM"  ENABLE;
  ALTER TABLE "VISHAL2"."MARKS" MODIFY ("SL_NO" NOT NULL ENABLE);
--------------------------------------------------------
--  Constraints for Table COURSES
--------------------------------------------------------

  ALTER TABLE "VISHAL2"."COURSES" ADD CONSTRAINT "COURSES_PK" PRIMARY KEY ("COURSE_ID")
  USING INDEX PCTFREE 10 INITRANS 2 MAXTRANS 255 COMPUTE STATISTICS 
  STORAGE(INITIAL 65536 NEXT 1048576 MINEXTENTS 1 MAXEXTENTS 2147483645
  PCTINCREASE 0 FREELISTS 1 FREELIST GROUPS 1 BUFFER_POOL DEFAULT FLASH_CACHE DEFAULT CELL_FLASH_CACHE DEFAULT)
  TABLESPACE "SYSTEM"  ENABLE;
  ALTER TABLE "VISHAL2"."COURSES" MODIFY ("COURSE_ID" NOT NULL ENABLE);
--------------------------------------------------------
--  Constraints for Table STUDENT
--------------------------------------------------------

  ALTER TABLE "VISHAL2"."STUDENT" MODIFY ("STUDENT_ID" NOT NULL ENABLE);
  ALTER TABLE "VISHAL2"."STUDENT" MODIFY ("NAME" NOT NULL ENABLE);
  ALTER TABLE "VISHAL2"."STUDENT" MODIFY ("BATCH" NOT NULL ENABLE);
  ALTER TABLE "VISHAL2"."STUDENT" MODIFY ("DEPT" NOT NULL ENABLE);
  ALTER TABLE "VISHAL2"."STUDENT" MODIFY ("PARENT_ID" NOT NULL ENABLE);
  ALTER TABLE "VISHAL2"."STUDENT" ADD CONSTRAINT "STUDENT_PK" PRIMARY KEY ("STUDENT_ID")
  USING INDEX PCTFREE 10 INITRANS 2 MAXTRANS 255 COMPUTE STATISTICS 
  STORAGE(INITIAL 65536 NEXT 1048576 MINEXTENTS 1 MAXEXTENTS 2147483645
  PCTINCREASE 0 FREELISTS 1 FREELIST GROUPS 1 BUFFER_POOL DEFAULT FLASH_CACHE DEFAULT CELL_FLASH_CACHE DEFAULT)
  TABLESPACE "SYSTEM"  ENABLE;
--------------------------------------------------------
--  Constraints for Table GATEPASS_TABLE
--------------------------------------------------------

  ALTER TABLE "VISHAL2"."GATEPASS_TABLE" MODIFY ("GATEPASS_ID" NOT NULL ENABLE);
  ALTER TABLE "VISHAL2"."GATEPASS_TABLE" MODIFY ("STUDENT_ID" NOT NULL ENABLE);
  ALTER TABLE "VISHAL2"."GATEPASS_TABLE" MODIFY ("REQUESTED_CHECKOUT" NOT NULL ENABLE);
  ALTER TABLE "VISHAL2"."GATEPASS_TABLE" MODIFY ("REQUESTED_CHECKIN" NOT NULL ENABLE);
  ALTER TABLE "VISHAL2"."GATEPASS_TABLE" MODIFY ("STUDENT_REASON" NOT NULL ENABLE);
  ALTER TABLE "VISHAL2"."GATEPASS_TABLE" ADD CONSTRAINT "GATEPASS_TABLE_PK" PRIMARY KEY ("GATEPASS_ID")
  USING INDEX PCTFREE 10 INITRANS 2 MAXTRANS 255 COMPUTE STATISTICS 
  STORAGE(INITIAL 65536 NEXT 1048576 MINEXTENTS 1 MAXEXTENTS 2147483645
  PCTINCREASE 0 FREELISTS 1 FREELIST GROUPS 1 BUFFER_POOL DEFAULT FLASH_CACHE DEFAULT CELL_FLASH_CACHE DEFAULT)
  TABLESPACE "SYSTEM"  ENABLE;
--------------------------------------------------------
--  Constraints for Table WARDEN
--------------------------------------------------------

  ALTER TABLE "VISHAL2"."WARDEN" MODIFY ("WARDEN_ID" NOT NULL ENABLE);
  ALTER TABLE "VISHAL2"."WARDEN" MODIFY ("NAME" NOT NULL ENABLE);
  ALTER TABLE "VISHAL2"."WARDEN" MODIFY ("HOSTELTYPE" NOT NULL ENABLE);
  ALTER TABLE "VISHAL2"."WARDEN" ADD CONSTRAINT "WARDEN_PK" PRIMARY KEY ("WARDEN_ID")
  USING INDEX PCTFREE 10 INITRANS 2 MAXTRANS 255 COMPUTE STATISTICS 
  STORAGE(INITIAL 65536 NEXT 1048576 MINEXTENTS 1 MAXEXTENTS 2147483645
  PCTINCREASE 0 FREELISTS 1 FREELIST GROUPS 1 BUFFER_POOL DEFAULT FLASH_CACHE DEFAULT CELL_FLASH_CACHE DEFAULT)
  TABLESPACE "SYSTEM"  ENABLE;
--------------------------------------------------------
--  Constraints for Table USERS
--------------------------------------------------------

  ALTER TABLE "VISHAL2"."USERS" MODIFY ("SNO" NOT NULL ENABLE);
  ALTER TABLE "VISHAL2"."USERS" MODIFY ("USER_ID" NOT NULL ENABLE);
  ALTER TABLE "VISHAL2"."USERS" MODIFY ("NAME" NOT NULL ENABLE);
  ALTER TABLE "VISHAL2"."USERS" MODIFY ("EMAILID" NOT NULL ENABLE);
  ALTER TABLE "VISHAL2"."USERS" MODIFY ("PASSWORD" NOT NULL ENABLE);
  ALTER TABLE "VISHAL2"."USERS" MODIFY ("STATUS" NOT NULL ENABLE);
  ALTER TABLE "VISHAL2"."USERS" MODIFY ("GENDER" NOT NULL ENABLE);
  ALTER TABLE "VISHAL2"."USERS" ADD CONSTRAINT "USERS_PK" PRIMARY KEY ("USER_ID")
  USING INDEX PCTFREE 10 INITRANS 2 MAXTRANS 255 COMPUTE STATISTICS 
  STORAGE(INITIAL 65536 NEXT 1048576 MINEXTENTS 1 MAXEXTENTS 2147483645
  PCTINCREASE 0 FREELISTS 1 FREELIST GROUPS 1 BUFFER_POOL DEFAULT FLASH_CACHE DEFAULT CELL_FLASH_CACHE DEFAULT)
  TABLESPACE "SYSTEM"  ENABLE;
--------------------------------------------------------
--  Ref Constraints for Table ATTENDANCE
--------------------------------------------------------

  ALTER TABLE "VISHAL2"."ATTENDANCE" ADD CONSTRAINT "ATTENDANCE_FK1" FOREIGN KEY ("STUDENT_ID")
	  REFERENCES "VISHAL2"."USERS" ("USER_ID") ENABLE;
  ALTER TABLE "VISHAL2"."ATTENDANCE" ADD CONSTRAINT "ATTENDANCE_FK2" FOREIGN KEY ("COURSE_ID")
	  REFERENCES "VISHAL2"."COURSES" ("COURSE_ID") ENABLE;
--------------------------------------------------------
--  Ref Constraints for Table GATEPASS_TABLE
--------------------------------------------------------

  ALTER TABLE "VISHAL2"."GATEPASS_TABLE" ADD CONSTRAINT "GATEPASS_TABLE_FK1" FOREIGN KEY ("STUDENT_ID")
	  REFERENCES "VISHAL2"."USERS" ("USER_ID") ENABLE;
  ALTER TABLE "VISHAL2"."GATEPASS_TABLE" ADD CONSTRAINT "GATEPASS_TABLE_FK2" FOREIGN KEY ("WARDEN_ID")
	  REFERENCES "VISHAL2"."USERS" ("USER_ID") ENABLE;
  ALTER TABLE "VISHAL2"."GATEPASS_TABLE" ADD CONSTRAINT "GATEPASS_TABLE_FK3" FOREIGN KEY ("SECURITY_ID")
	  REFERENCES "VISHAL2"."USERS" ("USER_ID") ENABLE;
--------------------------------------------------------
--  Ref Constraints for Table MARKS
--------------------------------------------------------

  ALTER TABLE "VISHAL2"."MARKS" ADD CONSTRAINT "MARKS_FK1" FOREIGN KEY ("STUDENT_ID")
	  REFERENCES "VISHAL2"."USERS" ("USER_ID") ENABLE;
  ALTER TABLE "VISHAL2"."MARKS" ADD CONSTRAINT "MARKS_FK2" FOREIGN KEY ("SECTION_ID")
	  REFERENCES "VISHAL2"."SECTIONS" ("SEC_ID") ENABLE;
--------------------------------------------------------
--  Ref Constraints for Table SECTIONS
--------------------------------------------------------

  ALTER TABLE "VISHAL2"."SECTIONS" ADD CONSTRAINT "SECTIONS_FK1" FOREIGN KEY ("COURSE1")
	  REFERENCES "VISHAL2"."COURSES" ("COURSE_ID") ENABLE;
  ALTER TABLE "VISHAL2"."SECTIONS" ADD CONSTRAINT "SECTIONS_FK2" FOREIGN KEY ("COURSE2")
	  REFERENCES "VISHAL2"."COURSES" ("COURSE_ID") ENABLE;
  ALTER TABLE "VISHAL2"."SECTIONS" ADD CONSTRAINT "SECTIONS_FK3" FOREIGN KEY ("COURSE3")
	  REFERENCES "VISHAL2"."COURSES" ("COURSE_ID") ENABLE;
  ALTER TABLE "VISHAL2"."SECTIONS" ADD CONSTRAINT "SECTIONS_FK4" FOREIGN KEY ("COURSE4")
	  REFERENCES "VISHAL2"."COURSES" ("COURSE_ID") ENABLE;
  ALTER TABLE "VISHAL2"."SECTIONS" ADD CONSTRAINT "SECTIONS_FK5" FOREIGN KEY ("COURSE5")
	  REFERENCES "VISHAL2"."COURSES" ("COURSE_ID") ENABLE;
  ALTER TABLE "VISHAL2"."SECTIONS" ADD CONSTRAINT "SECTIONS_FK6" FOREIGN KEY ("COURSE6")
	  REFERENCES "VISHAL2"."COURSES" ("COURSE_ID") ENABLE;
  ALTER TABLE "VISHAL2"."SECTIONS" ADD CONSTRAINT "SECTIONS_FK7" FOREIGN KEY ("COURSE7")
	  REFERENCES "VISHAL2"."COURSES" ("COURSE_ID") ENABLE;
--------------------------------------------------------
--  Ref Constraints for Table STUDENT
--------------------------------------------------------

  ALTER TABLE "VISHAL2"."STUDENT" ADD CONSTRAINT "STUDENT_FK1" FOREIGN KEY ("STUDENT_ID")
	  REFERENCES "VISHAL2"."USERS" ("USER_ID") ENABLE;
  ALTER TABLE "VISHAL2"."STUDENT" ADD CONSTRAINT "STUDENT_FK2" FOREIGN KEY ("PARENT_ID")
	  REFERENCES "VISHAL2"."USERS" ("USER_ID") ENABLE;
--------------------------------------------------------
--  Ref Constraints for Table STUDENT_SECTIONS
--------------------------------------------------------

  ALTER TABLE "VISHAL2"."STUDENT_SECTIONS" ADD CONSTRAINT "STUDENT_SECTIONS_FK1" FOREIGN KEY ("STUDENT_ID")
	  REFERENCES "VISHAL2"."USERS" ("USER_ID") ENABLE;
  ALTER TABLE "VISHAL2"."STUDENT_SECTIONS" ADD CONSTRAINT "STUDENT_SECTIONS_FK2" FOREIGN KEY ("SEC1")
	  REFERENCES "VISHAL2"."SECTIONS" ("SEC_ID") ENABLE;
  ALTER TABLE "VISHAL2"."STUDENT_SECTIONS" ADD CONSTRAINT "STUDENT_SECTIONS_FK3" FOREIGN KEY ("SEC2")
	  REFERENCES "VISHAL2"."SECTIONS" ("SEC_ID") ENABLE;
  ALTER TABLE "VISHAL2"."STUDENT_SECTIONS" ADD CONSTRAINT "STUDENT_SECTIONS_FK4" FOREIGN KEY ("SEC3")
	  REFERENCES "VISHAL2"."SECTIONS" ("SEC_ID") ENABLE;
  ALTER TABLE "VISHAL2"."STUDENT_SECTIONS" ADD CONSTRAINT "STUDENT_SECTIONS_FK5" FOREIGN KEY ("SEC4")
	  REFERENCES "VISHAL2"."SECTIONS" ("SEC_ID") ENABLE;
  ALTER TABLE "VISHAL2"."STUDENT_SECTIONS" ADD CONSTRAINT "STUDENT_SECTIONS_FK6" FOREIGN KEY ("SEC5")
	  REFERENCES "VISHAL2"."SECTIONS" ("SEC_ID") ENABLE;
  ALTER TABLE "VISHAL2"."STUDENT_SECTIONS" ADD CONSTRAINT "STUDENT_SECTIONS_FK7" FOREIGN KEY ("SEC6")
	  REFERENCES "VISHAL2"."SECTIONS" ("SEC_ID") ENABLE;
  ALTER TABLE "VISHAL2"."STUDENT_SECTIONS" ADD CONSTRAINT "STUDENT_SECTIONS_FK8" FOREIGN KEY ("SEC7")
	  REFERENCES "VISHAL2"."SECTIONS" ("SEC_ID") ENABLE;
  ALTER TABLE "VISHAL2"."STUDENT_SECTIONS" ADD CONSTRAINT "STUDENT_SECTIONS_FK9" FOREIGN KEY ("SEC8")
	  REFERENCES "VISHAL2"."SECTIONS" ("SEC_ID") ENABLE;
--------------------------------------------------------
--  Ref Constraints for Table TEACHER
--------------------------------------------------------

  ALTER TABLE "VISHAL2"."TEACHER" ADD CONSTRAINT "TEACHER_FK1" FOREIGN KEY ("TEACHER_ID")
	  REFERENCES "VISHAL2"."USERS" ("USER_ID") ENABLE;
  ALTER TABLE "VISHAL2"."TEACHER" ADD CONSTRAINT "TEACHER_FK2" FOREIGN KEY ("SECTION_ID")
	  REFERENCES "VISHAL2"."SECTIONS" ("SEC_ID") ENABLE;
--------------------------------------------------------
--  Ref Constraints for Table USER_ROLES
--------------------------------------------------------

  ALTER TABLE "VISHAL2"."USER_ROLES" ADD CONSTRAINT "USER_ROLES_FK1" FOREIGN KEY ("USER_ID")
	  REFERENCES "VISHAL2"."USERS" ("USER_ID") ENABLE;
  ALTER TABLE "VISHAL2"."USER_ROLES" ADD CONSTRAINT "USER_ROLES_FK2" FOREIGN KEY ("ROLE_ID")
	  REFERENCES "VISHAL2"."ROLES" ("ROLE_ID") ENABLE;
--------------------------------------------------------
--  Ref Constraints for Table WARDEN
--------------------------------------------------------

  ALTER TABLE "VISHAL2"."WARDEN" ADD CONSTRAINT "WARDEN_FK1" FOREIGN KEY ("WARDEN_ID")
	  REFERENCES "VISHAL2"."USERS" ("USER_ID") ENABLE;
